{"cameraMode":{"drawMode":0,"name":"Shaded","section":"Shading Mode"},"sceneLighting":false,"audioPlay":false,"sceneViewState":{"showFog":false,"showMaterialUpdate":false,"showSkybox":false,"showFlares":false,"showImageEffects":false,"showParticleSystems":false},"in2DMode":false,"pivot":{"x":-0.9452434778213501,"y":25.09759521484375,"z":-2.6498208045959474},"rotation":{"x":0.17294971644878388,"y":0.04514937847852707,"z":-0.007941816933453083,"w":0.9839097261428833},"size":2.4833128452301027,"orthographic":false}