{"cameraMode":{"drawMode":0,"name":"Shaded","section":"Shading Mode"},"sceneLighting":false,"audioPlay":false,"sceneViewState":{"showFog":false,"showMaterialUpdate":false,"showSkybox":false,"showFlares":false,"showImageEffects":false,"showParticleSystems":false},"in2DMode":false,"pivot":{"x":2.0326411724090578,"y":24.88111114501953,"z":-3.1791584491729738},"rotation":{"x":0.1068979948759079,"y":0.5654643774032593,"z":-0.0742182508111,"w":0.814497172832489},"size":85.37257385253906,"orthographic":false}