{"cameraMode":{"drawMode":0,"name":"Shaded","section":"Shading Mode"},"sceneLighting":true,"audioPlay":false,"sceneViewState":{"showFog":false,"showMaterialUpdate":false,"showSkybox":false,"showFlares":false,"showImageEffects":false,"showParticleSystems":false},"in2DMode":false,"pivot":{"x":87.79375457763672,"y":-48.1044921875,"z":19.42902183532715},"rotation":{"x":0.4537675976753235,"y":-0.48194727301597597,"z":0.32336533069610598,"w":0.6762245297431946},"size":101.07833862304688,"orthographic":false}