{"cameraMode":{"drawMode":0,"name":"Shaded","section":"Shading Mode"},"sceneLighting":true,"audioPlay":false,"sceneViewState":{"showFog":false,"showMaterialUpdate":false,"showSkybox":false,"showFlares":false,"showImageEffects":false,"showParticleSystems":false},"in2DMode":false,"pivot":{"x":1349.4024658203125,"y":341.091796875,"z":-1278.09716796875},"rotation":{"x":-0.05443788692355156,"y":-0.9298480749130249,"z":0.15340285003185273,"w":-0.33004793524742129},"size":1301.001220703125,"orthographic":false}