{"cameraMode":{"drawMode":0,"name":"Shaded","section":"Shading Mode"},"sceneLighting":true,"audioPlay":false,"sceneViewState":{"showFog":false,"showMaterialUpdate":false,"showSkybox":false,"showFlares":false,"showImageEffects":false,"showParticleSystems":false},"in2DMode":false,"pivot":{"x":670.2469482421875,"y":201.3197479248047,"z":610.8333129882813},"rotation":{"x":-0.06894241273403168,"y":-0.010196179151535035,"z":0.0007266433094628155,"w":-0.9975919723510742},"size":734.6683959960938,"orthographic":false}