{"cameraMode":{"drawMode":0,"name":"Shaded","section":"Shading Mode"},"sceneLighting":false,"audioPlay":false,"sceneViewState":{"showFog":false,"showMaterialUpdate":false,"showSkybox":false,"showFlares":false,"showImageEffects":false,"showParticleSystems":false},"in2DMode":false,"pivot":{"x":1.0721642971038819,"y":26.536788940429689,"z":-3.2266247272491457},"rotation":{"x":0.4481176733970642,"y":-0.034089647233486179,"z":0.017095275223255159,"w":0.8932112455368042},"size":2.4833128452301027,"orthographic":false}