{"cameraMode":{"drawMode":0,"name":"Shaded","section":"Shading Mode"},"sceneLighting":true,"audioPlay":false,"sceneViewState":{"showFog":false,"showMaterialUpdate":false,"showSkybox":false,"showFlares":false,"showImageEffects":false,"showParticleSystems":false},"in2DMode":false,"pivot":{"x":45.48359680175781,"y":-13.116617202758789,"z":82.59428405761719},"rotation":{"x":0.050978004932403567,"y":-0.004493961110711098,"z":0.00022513989824801683,"w":0.9986933469772339},"size":107.80696868896485,"orthographic":false}