{"cameraMode":{"drawMode":0,"name":"Shaded","section":"Shading Mode"},"sceneLighting":false,"audioPlay":false,"sceneViewState":{"showFog":false,"showMaterialUpdate":false,"showSkybox":false,"showFlares":false,"showImageEffects":false,"showParticleSystems":false},"in2DMode":false,"pivot":{"x":-576.2130126953125,"y":-86.01861572265625,"z":144.75523376464845},"rotation":{"x":-0.4123113751411438,"y":-0.4101773500442505,"z":0.21555188298225404,"w":-0.7844709157943726},"size":1257.67236328125,"orthographic":false}