{"cameraMode":{"drawMode":0,"name":"Shaded","section":"Shading Mode"},"sceneLighting":true,"audioPlay":false,"sceneViewState":{"showFog":false,"showMaterialUpdate":false,"showSkybox":false,"showFlares":false,"showImageEffects":false,"showParticleSystems":false},"in2DMode":false,"pivot":{"x":58.445648193359378,"y":-10.927114486694336,"z":-63.37778854370117},"rotation":{"x":-0.051685404032468799,"y":-0.8651544451713562,"z":0.09117656946182251,"w":-0.49043112993240359},"size":9.108097076416016,"orthographic":false}