{"cameraMode":{"drawMode":0,"name":"Shaded","section":"Shading Mode"},"sceneLighting":true,"audioPlay":false,"sceneViewState":{"showFog":false,"showMaterialUpdate":false,"showSkybox":false,"showFlares":false,"showImageEffects":false,"showParticleSystems":false},"in2DMode":false,"pivot":{"x":177.25616455078126,"y":-254.3775634765625,"z":69.49629211425781},"rotation":{"x":0.36003270745277407,"y":0.42665544152259829,"z":-0.1902860701084137,"w":0.8075912594795227},"size":235.4915771484375,"orthographic":false}