{"cameraMode":{"drawMode":0,"name":"Shaded","section":"Shading Mode"},"sceneLighting":true,"audioPlay":false,"sceneViewState":{"showFog":false,"showMaterialUpdate":false,"showSkybox":false,"showFlares":false,"showImageEffects":false,"showParticleSystems":false},"in2DMode":false,"pivot":{"x":244.91372680664063,"y":-152.48519897460938,"z":406.9945068359375},"rotation":{"x":0.14862371981143952,"y":0.21843595802783967,"z":-0.03377716243267059,"w":0.9639343619346619},"size":269.697998046875,"orthographic":false}