{"cameraMode":{"drawMode":0,"name":"Shaded","section":"Shading Mode"},"sceneLighting":true,"audioPlay":false,"sceneViewState":{"showFog":false,"showMaterialUpdate":false,"showSkybox":false,"showFlares":false,"showImageEffects":false,"showParticleSystems":false},"in2DMode":false,"pivot":{"x":-342.96527099609377,"y":-533.4812622070313,"z":-297.7027893066406},"rotation":{"x":-0.19025032222270966,"y":0.8067573308944702,"z":-0.35448601841926577,"w":-0.43297213315963747},"size":425.06817626953127,"orthographic":false}