{"cameraMode":{"drawMode":0,"name":"Shaded","section":"Shading Mode"},"sceneLighting":true,"audioPlay":false,"sceneViewState":{"showFog":false,"showMaterialUpdate":false,"showSkybox":false,"showFlares":false,"showImageEffects":false,"showParticleSystems":false},"in2DMode":false,"pivot":{"x":4.685614585876465,"y":-6.421318531036377,"z":-2.176378011703491},"rotation":{"x":0.1490621566772461,"y":0.6975047588348389,"z":-0.15195202827453614,"w":0.6842362284660339},"size":15.548105239868164,"orthographic":false}