{"cameraMode":{"drawMode":0,"name":"Shaded","section":"Shading Mode"},"sceneLighting":true,"audioPlay":false,"sceneViewState":{"showFog":false,"showMaterialUpdate":false,"showSkybox":false,"showFlares":false,"showImageEffects":false,"showParticleSystems":false},"in2DMode":false,"pivot":{"x":51.9461669921875,"y":-179.0335693359375,"z":-2.6876068115234377},"rotation":{"x":-0.2754313349723816,"y":-0.5992253422737122,"z":0.23071137070655824,"w":-0.7154607772827148},"size":166.81137084960938,"orthographic":false}