{"cameraMode":{"drawMode":0,"name":"Shaded","section":"Shading Mode"},"sceneLighting":true,"audioPlay":false,"sceneViewState":{"showFog":false,"showMaterialUpdate":false,"showSkybox":false,"showFlares":false,"showImageEffects":false,"showParticleSystems":false},"in2DMode":false,"pivot":{"x":82.51895904541016,"y":-44.88565444946289,"z":107.74018096923828},"rotation":{"x":0.12508143484592439,"y":0.20562438666820527,"z":-0.025935498997569085,"w":0.970319390296936},"size":117.48213195800781,"orthographic":false}