{"cameraMode":{"drawMode":0,"name":"Shaded","section":"Shading Mode"},"sceneLighting":true,"audioPlay":false,"sceneViewState":{"showFog":false,"showMaterialUpdate":false,"showSkybox":false,"showFlares":false,"showImageEffects":false,"showParticleSystems":false},"in2DMode":false,"pivot":{"x":-5.926433563232422,"y":-7.82396125793457,"z":71.67889404296875},"rotation":{"x":0.04647434502840042,"y":0.020975414663553239,"z":-0.000987618463113904,"w":0.9987156987190247},"size":48.67362976074219,"orthographic":false}