{"cameraMode":{"drawMode":0,"name":"Shaded","section":"Shading Mode"},"sceneLighting":true,"audioPlay":false,"sceneViewState":{"showFog":false,"showMaterialUpdate":false,"showSkybox":false,"showFlares":false,"showImageEffects":false,"showParticleSystems":false},"in2DMode":false,"pivot":{"x":24.778661727905275,"y":-25.676416397094728,"z":-12.799140930175782},"rotation":{"x":0.4481176733970642,"y":-0.034089647233486179,"z":0.017095275223255159,"w":0.8932112455368042},"size":19.07826805114746,"orthographic":false}