{"cameraMode":{"drawMode":0,"name":"Shaded","section":"Shading Mode"},"sceneLighting":true,"audioPlay":false,"sceneViewState":{"showFog":false,"showMaterialUpdate":false,"showSkybox":false,"showFlares":false,"showImageEffects":false,"showParticleSystems":false},"in2DMode":false,"pivot":{"x":90.32539367675781,"y":-138.41867065429688,"z":-8.771671295166016},"rotation":{"x":-0.2754313349723816,"y":-0.5992253422737122,"z":0.23071137070655824,"w":-0.7154607772827148},"size":172.21058654785157,"orthographic":false}