{"cameraMode":{"drawMode":0,"name":"Shaded","section":"Shading Mode"},"sceneLighting":false,"audioPlay":false,"sceneViewState":{"showFog":false,"showMaterialUpdate":false,"showSkybox":false,"showFlares":false,"showImageEffects":false,"showParticleSystems":false},"in2DMode":false,"pivot":{"x":5.565054893493652,"y":24.769792556762697,"z":2.037325143814087},"rotation":{"x":-0.04132138192653656,"y":-0.6660223603248596,"z":0.03701002150774002,"w":-0.7438957691192627},"size":7.554685115814209,"orthographic":false}