{"cameraMode":{"drawMode":0,"name":"Shaded","section":"Shading Mode"},"sceneLighting":true,"audioPlay":false,"sceneViewState":{"showFog":false,"showMaterialUpdate":false,"showSkybox":false,"showFlares":false,"showImageEffects":false,"showParticleSystems":false},"in2DMode":false,"pivot":{"x":684.430419921875,"y":287.427001953125,"z":49.18061828613281},"rotation":{"x":0.007992534898221493,"y":0.04298538714647293,"z":-0.0003439875436015427,"w":0.999046802520752},"size":456.2526550292969,"orthographic":true}